{
	"start":	{
		"connected":	[{
				"socket":	6,
				"local_host":	"192.168.10.10",
				"local_port":	36554,
				"remote_host":	"192.168.11.10",
				"remote_port":	5201
			}],
		"version":	"iperf 3.9",
		"system_info":	"Linux fyp1 5.15.0-134-generic #145-Ubuntu SMP Wed Feb 12 20:08:39 UTC 2025 x86_64",
		"timestamp":	{
			"time":	"Mon, 10 Mar 2025 09:54:37 GMT",
			"timesecs":	1741600477
		},
		"connecting_to":	{
			"host":	"192.168.11.10",
			"port":	5201
		},
		"cookie":	"ljhm3ys6hzki2jbnnsjjmtgk3feqnuqszufa",
		"tcp_mss_default":	1448,
		"sock_bufsize":	0,
		"sndbuf_actual":	16384,
		"rcvbuf_actual":	131072,
		"test_start":	{
			"protocol":	"TCP",
			"num_streams":	1,
			"blksize":	131072,
			"omit":	0,
			"duration":	10,
			"bytes":	0,
			"blocks":	0,
			"reverse":	0,
			"tos":	0
		}
	},
	"intervals":	[{
			"streams":	[{
					"socket":	6,
					"start":	0,
					"end":	1.000292,
					"seconds":	1.00029194355011,
					"bytes":	451776,
					"bits_per_second":	3613153.1632384337,
					"retransmits":	0,
					"snd_cwnd":	69504,
					"rtt":	383579,
					"rttvar":	144512,
					"pmtu":	1500,
					"omitted":	false,
					"sender":	true
				}],
			"sum":	{
				"start":	0,
				"end":	1.000292,
				"seconds":	1.00029194355011,
				"bytes":	451776,
				"bits_per_second":	3613153.1632384337,
				"retransmits":	0,
				"omitted":	false,
				"sender":	true
			}
		}, {
			"streams":	[{
					"socket":	6,
					"start":	1.000292,
					"end":	2.001156,
					"seconds":	1.0008640289306641,
					"bytes":	0,
					"bits_per_second":	0,
					"retransmits":	0,
					"snd_cwnd":	72400,
					"rtt":	868491,
					"rttvar":	142904,
					"pmtu":	1500,
					"omitted":	false,
					"sender":	true
				}],
			"sum":	{
				"start":	1.000292,
				"end":	2.001156,
				"seconds":	1.0008640289306641,
				"bytes":	0,
				"bits_per_second":	0,
				"retransmits":	0,
				"omitted":	false,
				"sender":	true
			}
		}, {
			"streams":	[{
					"socket":	6,
					"start":	2.001156,
					"end":	3.000367,
					"seconds":	0.999211013317108,
					"bytes":	156384,
					"bits_per_second":	1252059.858554583,
					"retransmits":	0,
					"snd_cwnd":	76744,
					"rtt":	980520,
					"rttvar":	14689,
					"pmtu":	1500,
					"omitted":	false,
					"sender":	true
				}],
			"sum":	{
				"start":	2.001156,
				"end":	3.000367,
				"seconds":	0.999211013317108,
				"bytes":	156384,
				"bits_per_second":	1252059.858554583,
				"retransmits":	0,
				"omitted":	false,
				"sender":	true
			}
		}, {
			"streams":	[{
					"socket":	6,
					"start":	3.000367,
					"end":	4.001256,
					"seconds":	1.00088894367218,
					"bytes":	0,
					"bits_per_second":	0,
					"retransmits":	0,
					"snd_cwnd":	81088,
					"rtt":	1040755,
					"rttvar":	15895,
					"pmtu":	1500,
					"omitted":	false,
					"sender":	true
				}],
			"sum":	{
				"start":	3.000367,
				"end":	4.001256,
				"seconds":	1.00088894367218,
				"bytes":	0,
				"bits_per_second":	0,
				"retransmits":	0,
				"omitted":	false,
				"sender":	true
			}
		}, {
			"streams":	[{
					"socket":	6,
					"start":	4.001256,
					"end":	5.000717,
					"seconds":	0.999460995197296,
					"bytes":	195480,
					"bits_per_second":	1564683.3718521392,
					"retransmits":	0,
					"snd_cwnd":	92672,
					"rtt":	1084668,
					"rttvar":	10995,
					"pmtu":	1500,
					"omitted":	false,
					"sender":	true
				}],
			"sum":	{
				"start":	4.001256,
				"end":	5.000717,
				"seconds":	0.999460995197296,
				"bytes":	195480,
				"bits_per_second":	1564683.3718521392,
				"retransmits":	0,
				"omitted":	false,
				"sender":	true
			}
		}, {
			"streams":	[{
					"socket":	6,
					"start":	5.000717,
					"end":	6.000253,
					"seconds":	0.99953597784042358,
					"bytes":	260640,
					"bits_per_second":	2086087.9910546755,
					"retransmits":	0,
					"snd_cwnd":	114392,
					"rtt":	1194096,
					"rttvar":	50816,
					"pmtu":	1500,
					"omitted":	false,
					"sender":	true
				}],
			"sum":	{
				"start":	5.000717,
				"end":	6.000253,
				"seconds":	0.99953597784042358,
				"bytes":	260640,
				"bits_per_second":	2086087.9910546755,
				"retransmits":	0,
				"omitted":	false,
				"sender":	true
			}
		}, {
			"streams":	[{
					"socket":	6,
					"start":	6.000253,
					"end":	7.000726,
					"seconds":	1.0004730224609375,
					"bytes":	0,
					"bits_per_second":	0,
					"retransmits":	0,
					"snd_cwnd":	146248,
					"rtt":	1364171,
					"rttvar":	65996,
					"pmtu":	1500,
					"omitted":	false,
					"sender":	true
				}],
			"sum":	{
				"start":	6.000253,
				"end":	7.000726,
				"seconds":	1.0004730224609375,
				"bytes":	0,
				"bits_per_second":	0,
				"retransmits":	0,
				"omitted":	false,
				"sender":	true
			}
		}, {
			"streams":	[{
					"socket":	6,
					"start":	7.000726,
					"end":	8.0009,
					"seconds":	1.0001740455627441,
					"bytes":	325800,
					"bits_per_second":	2605946.4465842233,
					"retransmits":	0,
					"snd_cwnd":	183896,
					"rtt":	1614861,
					"rttvar":	88404,
					"pmtu":	1500,
					"omitted":	false,
					"sender":	true
				}],
			"sum":	{
				"start":	7.000726,
				"end":	8.0009,
				"seconds":	1.0001740455627441,
				"bytes":	325800,
				"bits_per_second":	2605946.4465842233,
				"retransmits":	0,
				"omitted":	false,
				"sender":	true
			}
		}, {
			"streams":	[{
					"socket":	6,
					"start":	8.0009,
					"end":	9.000239,
					"seconds":	0.999338984489441,
					"bytes":	456120,
					"bits_per_second":	3651373.6145940931,
					"retransmits":	0,
					"snd_cwnd":	218648,
					"rtt":	1930957,
					"rttvar":	100212,
					"pmtu":	1500,
					"omitted":	false,
					"sender":	true
				}],
			"sum":	{
				"start":	8.0009,
				"end":	9.000239,
				"seconds":	0.999338984489441,
				"bytes":	456120,
				"bits_per_second":	3651373.6145940931,
				"retransmits":	0,
				"omitted":	false,
				"sender":	true
			}
		}, {
			"streams":	[{
					"socket":	6,
					"start":	9.000239,
					"end":	10.001308,
					"seconds":	1.0010689496994019,
					"bytes":	0,
					"bits_per_second":	0,
					"retransmits":	0,
					"snd_cwnd":	254848,
					"rtt":	2256068,
					"rttvar":	106064,
					"pmtu":	1500,
					"omitted":	false,
					"sender":	true
				}],
			"sum":	{
				"start":	9.000239,
				"end":	10.001308,
				"seconds":	1.0010689496994019,
				"bytes":	0,
				"bits_per_second":	0,
				"retransmits":	0,
				"omitted":	false,
				"sender":	true
			}
		}],
	"end":	{
		"streams":	[{
				"sender":	{
					"socket":	6,
					"start":	0,
					"end":	10.001308,
					"seconds":	10.001308,
					"bytes":	1846200,
					"bits_per_second":	1476766.8388974722,
					"retransmits":	0,
					"max_snd_cwnd":	254848,
					"max_rtt":	2256068,
					"min_rtt":	383579,
					"mean_rtt":	1271816,
					"sender":	true
				},
				"receiver":	{
					"socket":	6,
					"start":	0,
					"end":	13.568619,
					"seconds":	10.001308,
					"bytes":	960024,
					"bits_per_second":	566026.0635220136,
					"sender":	true
				}
			}],
		"sum_sent":	{
			"start":	0,
			"end":	10.001308,
			"seconds":	10.001308,
			"bytes":	1846200,
			"bits_per_second":	1476766.8388974722,
			"retransmits":	0,
			"sender":	true
		},
		"sum_received":	{
			"start":	0,
			"end":	13.568619,
			"seconds":	13.568619,
			"bytes":	960024,
			"bits_per_second":	566026.0635220136,
			"sender":	true
		},
		"cpu_utilization_percent":	{
			"host_total":	1.9974533183394725,
			"host_user":	0.246119201193064,
			"host_system":	1.751855395491511,
			"remote_total":	0.25300382054589449,
			"remote_user":	0.05895404065136612,
			"remote_system":	0.19404977989452837
		},
		"sender_tcp_congestion":	"cubic",
		"receiver_tcp_congestion":	"cubic"
	}
}
