{
	"start":	{
		"connected":	[{
				"socket":	6,
				"local_host":	"192.168.10.10",
				"local_port":	39118,
				"remote_host":	"192.168.11.10",
				"remote_port":	5201
			}],
		"version":	"iperf 3.9",
		"system_info":	"Linux fyp1 5.15.0-134-generic #145-Ubuntu SMP Wed Feb 12 20:08:39 UTC 2025 x86_64",
		"timestamp":	{
			"time":	"Mon, 10 Mar 2025 15:55:38 GMT",
			"timesecs":	1741622138
		},
		"connecting_to":	{
			"host":	"192.168.11.10",
			"port":	5201
		},
		"cookie":	"v5kyqyhujdsp74owy2ehsv5zel4msqceggcr",
		"tcp_mss_default":	1448,
		"sock_bufsize":	0,
		"sndbuf_actual":	16384,
		"rcvbuf_actual":	131072,
		"test_start":	{
			"protocol":	"TCP",
			"num_streams":	1,
			"blksize":	131072,
			"omit":	0,
			"duration":	0,
			"bytes":	0,
			"blocks":	0,
			"reverse":	0,
			"tos":	0
		}
	},
	"intervals":	[{
			"streams":	[{
					"socket":	6,
					"start":	0,
					"end":	1.000506,
					"seconds":	1.0005060434341431,
					"bytes":	430056,
					"bits_per_second":	3438707.864463252,
					"retransmits":	0,
					"snd_cwnd":	69504,
					"rtt":	383880,
					"rttvar":	144904,
					"pmtu":	1500,
					"omitted":	false,
					"sender":	true
				}],
			"sum":	{
				"start":	0,
				"end":	1.000506,
				"seconds":	1.0005060434341431,
				"bytes":	430056,
				"bits_per_second":	3438707.864463252,
				"retransmits":	0,
				"omitted":	false,
				"sender":	true
			}
		}, {
			"streams":	[{
					"socket":	6,
					"start":	1.000506,
					"end":	2.001169,
					"seconds":	1.0006630420684814,
					"bytes":	0,
					"bits_per_second":	0,
					"retransmits":	0,
					"snd_cwnd":	72400,
					"rtt":	868522,
					"rttvar":	142854,
					"pmtu":	1500,
					"omitted":	false,
					"sender":	true
				}],
			"sum":	{
				"start":	1.000506,
				"end":	2.001169,
				"seconds":	1.0006630420684814,
				"bytes":	0,
				"bits_per_second":	0,
				"retransmits":	0,
				"omitted":	false,
				"sender":	true
			}
		}, {
			"streams":	[{
					"socket":	6,
					"start":	2.001169,
					"end":	3.000585,
					"seconds":	0.99941599369049072,
					"bytes":	156384,
					"bits_per_second":	1251803.06088582,
					"retransmits":	0,
					"snd_cwnd":	76744,
					"rtt":	990170,
					"rttvar":	29115,
					"pmtu":	1500,
					"omitted":	false,
					"sender":	true
				}],
			"sum":	{
				"start":	2.001169,
				"end":	3.000585,
				"seconds":	0.99941599369049072,
				"bytes":	156384,
				"bits_per_second":	1251803.06088582,
				"retransmits":	0,
				"omitted":	false,
				"sender":	true
			}
		}, {
			"streams":	[{
					"socket":	6,
					"start":	3.000585,
					"end":	4.00115,
					"seconds":	1.0005650520324707,
					"bytes":	0,
					"bits_per_second":	0,
					"retransmits":	0,
					"snd_cwnd":	81088,
					"rtt":	1043455,
					"rttvar":	19960,
					"pmtu":	1500,
					"omitted":	false,
					"sender":	true
				}],
			"sum":	{
				"start":	3.000585,
				"end":	4.00115,
				"seconds":	1.0005650520324707,
				"bytes":	0,
				"bits_per_second":	0,
				"retransmits":	0,
				"omitted":	false,
				"sender":	true
			}
		}, {
			"streams":	[{
					"socket":	6,
					"start":	4.00115,
					"end":	5.000808,
					"seconds":	0.99965798854827881,
					"bytes":	195480,
					"bits_per_second":	1564375.0341764751,
					"retransmits":	0,
					"snd_cwnd":	92672,
					"rtt":	1086296,
					"rttvar":	7193,
					"pmtu":	1500,
					"omitted":	false,
					"sender":	true
				}],
			"sum":	{
				"start":	4.00115,
				"end":	5.000808,
				"seconds":	0.99965798854827881,
				"bytes":	195480,
				"bits_per_second":	1564375.0341764751,
				"retransmits":	0,
				"omitted":	false,
				"sender":	true
			}
		}, {
			"streams":	[{
					"socket":	6,
					"start":	5.000808,
					"end":	6.000527,
					"seconds":	0.99971902370452881,
					"bytes":	260640,
					"bits_per_second":	2085706.0339548625,
					"retransmits":	0,
					"snd_cwnd":	114392,
					"rtt":	1192141,
					"rttvar":	44056,
					"pmtu":	1500,
					"omitted":	false,
					"sender":	true
				}],
			"sum":	{
				"start":	5.000808,
				"end":	6.000527,
				"seconds":	0.99971902370452881,
				"bytes":	260640,
				"bits_per_second":	2085706.0339548625,
				"retransmits":	0,
				"omitted":	false,
				"sender":	true
			}
		}, {
			"streams":	[{
					"socket":	6,
					"start":	6.000527,
					"end":	7.001225,
					"seconds":	1.00069797039032,
					"bytes":	0,
					"bits_per_second":	0,
					"retransmits":	0,
					"snd_cwnd":	147696,
					"rtt":	1372257,
					"rttvar":	71387,
					"pmtu":	1500,
					"omitted":	false,
					"sender":	true
				}],
			"sum":	{
				"start":	6.000527,
				"end":	7.001225,
				"seconds":	1.00069797039032,
				"bytes":	0,
				"bits_per_second":	0,
				"retransmits":	0,
				"omitted":	false,
				"sender":	true
			}
		}, {
			"streams":	[{
					"socket":	6,
					"start":	7.001225,
					"end":	8.000977,
					"seconds":	0.9997519850730896,
					"bytes":	325800,
					"bits_per_second":	2607046.5864685951,
					"retransmits":	0,
					"snd_cwnd":	183896,
					"rtt":	1611908,
					"rttvar":	79847,
					"pmtu":	1500,
					"omitted":	false,
					"sender":	true
				}],
			"sum":	{
				"start":	7.001225,
				"end":	8.000977,
				"seconds":	0.9997519850730896,
				"bytes":	325800,
				"bits_per_second":	2607046.5864685951,
				"retransmits":	0,
				"omitted":	false,
				"sender":	true
			}
		}, {
			"streams":	[{
					"socket":	6,
					"start":	8.000977,
					"end":	9.000417,
					"seconds":	0.99944001436233521,
					"bytes":	456120,
					"bits_per_second":	3651004.5100886989,
					"retransmits":	0,
					"snd_cwnd":	218648,
					"rtt":	1927461,
					"rttvar":	105439,
					"pmtu":	1500,
					"omitted":	false,
					"sender":	true
				}],
			"sum":	{
				"start":	8.000977,
				"end":	9.000417,
				"seconds":	0.99944001436233521,
				"bytes":	456120,
				"bits_per_second":	3651004.5100886989,
				"retransmits":	0,
				"omitted":	false,
				"sender":	true
			}
		}, {
			"streams":	[{
					"socket":	6,
					"start":	9.000417,
					"end":	10.001133,
					"seconds":	1.000715970993042,
					"bytes":	0,
					"bits_per_second":	0,
					"retransmits":	0,
					"snd_cwnd":	256296,
					"rtt":	2272851,
					"rttvar":	112188,
					"pmtu":	1500,
					"omitted":	false,
					"sender":	true
				}],
			"sum":	{
				"start":	9.000417,
				"end":	10.001133,
				"seconds":	1.000715970993042,
				"bytes":	0,
				"bits_per_second":	0,
				"retransmits":	0,
				"omitted":	false,
				"sender":	true
			}
		}, {
			"streams":	[{
					"socket":	6,
					"start":	10.001133,
					"end":	11.001179,
					"seconds":	1.0000460147857666,
					"bytes":	0,
					"bits_per_second":	0,
					"retransmits":	0,
					"snd_cwnd":	291048,
					"rtt":	2603359,
					"rttvar":	104285,
					"pmtu":	1500,
					"omitted":	false,
					"sender":	true
				}],
			"sum":	{
				"start":	10.001133,
				"end":	11.001179,
				"seconds":	1.0000460147857666,
				"bytes":	0,
				"bits_per_second":	0,
				"retransmits":	0,
				"omitted":	false,
				"sender":	true
			}
		}, {
			"streams":	[{
					"socket":	6,
					"start":	11.001179,
					"end":	12.001022,
					"seconds":	0.99984300136566162,
					"bytes":	586440,
					"bits_per_second":	4692256.6778903939,
					"retransmits":	0,
					"snd_cwnd":	327248,
					"rtt":	2935002,
					"rttvar":	112787,
					"pmtu":	1500,
					"omitted":	false,
					"sender":	true
				}],
			"sum":	{
				"start":	11.001179,
				"end":	12.001022,
				"seconds":	0.99984300136566162,
				"bytes":	586440,
				"bits_per_second":	4692256.6778903939,
				"retransmits":	0,
				"omitted":	false,
				"sender":	true
			}
		}, {
			"streams":	[{
					"socket":	6,
					"start":	12.001022,
					"end":	13.001082,
					"seconds":	1.000059962272644,
					"bytes":	0,
					"bits_per_second":	0,
					"retransmits":	0,
					"snd_cwnd":	363448,
					"rtt":	3274315,
					"rttvar":	104272,
					"pmtu":	1500,
					"omitted":	false,
					"sender":	true
				}],
			"sum":	{
				"start":	12.001022,
				"end":	13.001082,
				"seconds":	1.000059962272644,
				"bytes":	0,
				"bits_per_second":	0,
				"retransmits":	0,
				"omitted":	false,