{
	"start":	{
		"connected":	[{
				"socket":	6,
				"local_host":	"192.168.10.10",
				"local_port":	49758,
				"remote_host":	"192.168.11.10",
				"remote_port":	5201
			}],
		"version":	"iperf 3.9",
		"system_info":	"Linux fyp1 5.15.0-134-generic #145-Ubuntu SMP Wed Feb 12 20:08:39 UTC 2025 x86_64",
		"timestamp":	{
			"time":	"Mon, 10 Mar 2025 16:58:50 GMT",
			"timesecs":	1741625930
		},
		"connecting_to":	{
			"host":	"192.168.11.10",
			"port":	5201
		},
		"cookie":	"wyj2r4aqwlvknupz25exkoeh5ld27jay22n6",
		"tcp_mss_default":	1448,
		"sock_bufsize":	0,
		"sndbuf_actual":	16384,
		"rcvbuf_actual":	131072,
		"test_start":	{
			"protocol":	"TCP",
			"num_streams":	1,
			"blksize":	131072,
			"omit":	0,
			"duration":	0,
			"bytes":	0,
			"blocks":	0,
			"reverse":	0,
			"tos":	0
		}
	},
	"intervals":	[{
			"streams":	[{
					"socket":	6,
					"start":	0,
					"end":	1.000147,
					"seconds":	1.0001469850540161,
					"bytes":	5770280,
					"bits_per_second":	46155455.837830536,
					"retransmits":	0,
					"snd_cwnd":	502456,
					"rtt":	99006,
					"rttvar":	147,
					"pmtu":	1500,
					"omitted":	false,
					"sender":	true
				}],
			"sum":	{
				"start":	0,
				"end":	1.000147,
				"seconds":	1.0001469850540161,
				"bytes":	5770280,
				"bits_per_second":	46155455.837830536,
				"retransmits":	0,
				"omitted":	false,
				"sender":	true
			}
		}, {
			"streams":	[{
					"socket":	6,
					"start":	1.000147,
					"end":	2.000275,
					"seconds":	1.0001280307769775,
					"bytes":	4496040,
					"bits_per_second":	35963715.53755673,
					"retransmits":	20,
					"snd_cwnd":	417024,
					"rtt":	85953,
					"rttvar":	519,
					"pmtu":	1500,
					"omitted":	false,
					"sender":	true
				}],
			"sum":	{
				"start":	1.000147,
				"end":	2.000275,
				"seconds":	1.0001280307769775,
				"bytes":	4496040,
				"bits_per_second":	35963715.53755673,
				"retransmits":	20,
				"omitted":	false,
				"sender":	true
			}
		}, {
			"streams":	[{
					"socket":	6,
					"start":	2.000275,
					"end":	3.000115,
					"seconds":	0.999840021133423,
					"bytes":	5538600,
					"bits_per_second":	44315889.6057905,
					"retransmits":	0,
					"snd_cwnd":	467704,
					"rtt":	96257,
					"rttvar":	63,
					"pmtu":	1500,
					"omitted":	false,
					"sender":	true
				}],
			"sum":	{
				"start":	2.000275,
				"end":	3.000115,
				"seconds":	0.999840021133423,
				"bytes":	5538600,
				"bits_per_second":	44315889.6057905,
				"retransmits":	0,
				"omitted":	false,
				"sender":	true
			}
		}, {
			"streams":	[{
					"socket":	6,
					"start":	3.000115,
					"end":	4.000202,
					"seconds":	1.0000870227813721,
					"bytes":	4430880,
					"bits_per_second":	35443955.5684036,
					"retransmits":	0,
					"snd_cwnd":	501008,
					"rtt":	103527,
					"rttvar":	97,
					"pmtu":	1500,
					"omitted":	false,
					"sender":	true
				}],
			"sum":	{
				"start":	3.000115,
				"end":	4.000202,
				"seconds":	1.0000870227813721,
				"bytes":	4430880,
				"bits_per_second":	35443955.5684036,
				"retransmits":	0,
				"omitted":	false,
				"sender":	true
			}
		}, {
			"streams":	[{
					"socket":	6,
					"start":	4.000202,
					"end":	5.000317,
					"seconds":	1.0001150369644165,
					"bytes":	4430880,
					"bits_per_second":	35442962.7491554,
					"retransmits":	3,
					"snd_cwnd":	372136,
					"rtt":	85559,
					"rttvar":	7796,
					"pmtu":	1500,
					"omitted":	false,
					"sender":	true
				}],
			"sum":	{
				"start":	4.000202,
				"end":	5.000317,
				"seconds":	1.0001150369644165,
				"bytes":	4430880,
				"bits_per_second":	35442962.7491554,
				"retransmits":	3,
				"omitted":	false,
				"sender":	true
			}
		}, {
			"streams":	[{
					"socket":	6,
					"start":	5.000317,
					"end":	6.000395,
					"seconds":	1.0000779628753662,
					"bytes":	2215440,
					"bits_per_second":	17722138.331138067,
					"retransmits":	133,
					"snd_cwnd":	195480,
					"rtt":	100678,
					"rttvar":	97,
					"pmtu":	1500,
					"omitted":	false,
					"sender":	true
				}],
			"sum":	{
				"start":	5.000317,
				"end":	6.000395,
				"seconds":	1.0000779628753662,
				"bytes":	2215440,
				"bits_per_second":	17722138.331138067,
				"retransmits":	133,
				"omitted":	false,
				"sender":	true
			}
		}, {
			"streams":	[{
					"socket":	6,
					"start":	6.000395,
					"end":	7.000245,
					"seconds":	0.99984997510910034,
					"bytes":	2215440,
					"bits_per_second":	17726179.36812577,
					"retransmits":	0,
					"snd_cwnd":	211408,
					"rtt":	109422,
					"rttvar":	180,
					"pmtu":	1500,
					"omitted":	false,
					"sender":	true
				}],
			"sum":	{
				"start":	6.000395,
				"end":	7.000245,
				"seconds":	0.99984997510910034,
				"bytes":	2215440,
				"bits_per_second":	17726179.36812577,
				"retransmits":	0,
				"omitted":	false,
				"sender":	true
			}
		}, {
			"streams":	[{
					"socket":	6,
					"start":	7.000245,
					"end":	8.000117,
					"seconds":	0.99987202882766724,
					"bytes":	2215440,
					"bits_per_second":	17725788.389920782,
					"retransmits":	0,
					"snd_cwnd":	218648,
					"rtt":	114074,
					"rttvar":	271,
					"pmtu":	1500,
					"omitted":	false,
					"sender":	true
				}],
			"sum":	{
				"start":	7.000245,
				"end":	8.000117,
				"seconds":	0.99987202882766724,
				"bytes":	2215440,
				"bits_per_second":	17725788.389920782,
				"retransmits":	0,
				"omitted":	false,
				"sender":	true
			}
		}, {
			"streams":	[{
					"socket":	6,
					"start":	8.000117,
					"end":	9.00055,
					"seconds":	1.0004329681396484,
					"bytes":	1107720,
					"bits_per_second":	8857924.80077786,
					"retransmits":	0,
					"snd_cwnd":	220096,
					"rtt":	114681,
					"rttvar":	308,
					"pmtu":	1500,
					"omitted":	false,
					"sender":	true
				}],
			"sum":	{
				"start":	8.000117,
				"end":	9.00055,
				"seconds":	1.0004329681396484,
				"bytes":	1107720,
				"bits_per_second":	8857924.80077786,
				"retransmits":	0,
				"omitted":	false,
				"sender":	true
			}
		}, {
			"streams":	[{
					"socket":	6,
					"start":	9.00055,
					"end":	10.00036,
					"seconds":	0.999809980392456,
					"bytes":	2215440,
					"bits_per_second":	17726888.456387457,
					"retransmits":	0,
					"snd_cwnd":	220096,
					"rtt":	114383,
					"rttvar":	184,
					"pmtu":	1500,
					"omitted":	false,
					"sender":	true
				}],
			"sum":	{
				"start":	9.00055,
				"end":	10.00036,
				"seconds":	0.999809980392456,
				"bytes":	2215440,
				"bits_per_second":	17726888.456387457,
				"retransmits":	0,
				"omitted":	false,
				"sender":	true
			}
		}, {
			"streams":	[{
					"socket":	6,
					"start":	10.00036,
					"end":	11.000764,
					"seconds":	1.0004040002822876,
					"bytes":	1107720,
					"bits_per_second":	8858181.2922573742,
					"retransmits":	86,
					"snd_cwnd":	108600,
					"rtt":	112708,
					"rttvar":	1766,
					"pmtu":	1500,
					"omitted":	false,
					"sender":	true
				}],
			"sum":	{
				"start":	10.00036,
				"end":	11.000764,
				"seconds":	1.0004040002822876,
				"bytes":	1107720,
				"bits_per_second":	8858181.2922573742,
				"retransmits":	86,
				"omitted":	false,
				"sender":	true
			}
		}, {
			"streams":	[{
					"socket":	6,
					"start":	11.000764,
					"end":	12.000792,
					"seconds":	1.0000280141830444,
					"bytes":	1107720,
					"bits_per_second":	8861511.75198773,
					"retransmits":	0,
					"snd_cwnd":	123080,
					"rtt":	127018,
					"rttvar":	704,
					"pmtu":	1500,
					"omitted":	false,
					"sender":	true
				}],
			"sum":	{
				"start":	11.000764,
				"end":	12.000792,
				"seconds":	1.0000280141830444,
				"bytes":	1107720,
				"bits_per_second":	8861511.75198773,
				"retransmits":	0,
				"omitted":	false,
				"sender":	true
			}
		}, {
			"streams":	[{
					"socket":	6,
					"start":	12.000792,
					"end":	13.000641,
					"seconds":	0.999849021434784,
					"bytes":	1107720,
					"bits_per_second":	8863098.13784022,
					"retransmits":	2,
					"snd_cwnd":	97016,
					"rtt":	98059,
					"rttvar":	705,
					"pmtu":	1500,
					"omitted":	false,
					"sender":	true
				}],