{
	"start":	{
		"connected":	[{
				"socket":	6,
				"local_host":	"192.168.10.10",
				"local_port":	47508,
				"remote_host":	"192.168.11.10",
				"remote_port":	5201
			}],
		"version":	"iperf 3.9",
		"system_info":	"Linux fyp1 5.15.0-134-generic #145-Ubuntu SMP Wed Feb 12 20:08:39 UTC 2025 x86_64",
		"timestamp":	{
			"time":	"Mon, 10 Mar 2025 17:11:45 GMT",
			"timesecs":	1741626705
		},
		"connecting_to":	{
			"host":	"192.168.11.10",
			"port":	5201
		},
		"cookie":	"pqdd2pbebitptllixuoh55s5aed7a4lntwb7",
		"tcp_mss_default":	1448,
		"sock_bufsize":	0,
		"sndbuf_actual":	16384,
		"rcvbuf_actual":	131072,
		"test_start":	{
			"protocol":	"TCP",
			"num_streams":	1,
			"blksize":	131072,
			"omit":	0,
			"duration":	0,
			"bytes":	0,
			"blocks":	0,
			"reverse":	0,
			"tos":	0
		}
	},
	"intervals":	[{
			"streams":	[{
					"socket":	6,
					"start":	0,
					"end":	1.000221,
					"seconds":	1.0002210140228271,
					"bytes":	5603760,
					"bits_per_second":	44820174.113015473,
					"retransmits":	0,
					"snd_cwnd":	525624,
					"rtt":	103836,
					"rttvar":	222,
					"pmtu":	1500,
					"omitted":	false,
					"sender":	true
				}],
			"sum":	{
				"start":	0,
				"end":	1.000221,
				"seconds":	1.0002210140228271,
				"bytes":	5603760,
				"bits_per_second":	44820174.113015473,
				"retransmits":	0,
				"omitted":	false,
				"sender":	true
			}
		}, {
			"streams":	[{
					"socket":	6,
					"start":	1.000221,
					"end":	2.000107,
					"seconds":	0.99988597631454468,
					"bytes":	5538600,
					"bits_per_second":	44313852.828816265,
					"retransmits":	20,
					"snd_cwnd":	422816,
					"rtt":	87199,
					"rttvar":	41,
					"pmtu":	1500,
					"omitted":	false,
					"sender":	true
				}],
			"sum":	{
				"start":	1.000221,
				"end":	2.000107,
				"seconds":	0.99988597631454468,
				"bytes":	5538600,
				"bits_per_second":	44313852.828816265,
				"retransmits":	20,
				"omitted":	false,
				"sender":	true
			}
		}, {
			"streams":	[{
					"socket":	6,
					"start":	2.000107,
					"end":	3.000173,
					"seconds":	1.0000660419464111,
					"bytes":	4430880,
					"bits_per_second":	35444699.1630773,
					"retransmits":	0,
					"snd_cwnd":	472048,
					"rtt":	97196,
					"rttvar":	24,
					"pmtu":	1500,
					"omitted":	false,
					"sender":	true
				}],
			"sum":	{
				"start":	2.000107,
				"end":	3.000173,
				"seconds":	1.0000660419464111,
				"bytes":	4430880,
				"bits_per_second":	35444699.1630773,
				"retransmits":	0,
				"omitted":	false,
				"sender":	true
			}
		}, {
			"streams":	[{
					"socket":	6,
					"start":	3.000173,
					"end":	4.000249,
					"seconds":	1.0000760555267334,
					"bytes":	4430880,
					"bits_per_second":	35444344.261727452,
					"retransmits":	0,
					"snd_cwnd":	503904,
					"rtt":	104444,
					"rttvar":	37,
					"pmtu":	1500,
					"omitted":	false,
					"sender":	true
				}],
			"sum":	{
				"start":	3.000173,
				"end":	4.000249,
				"seconds":	1.0000760555267334,
				"bytes":	4430880,
				"bits_per_second":	35444344.261727452,
				"retransmits":	0,
				"omitted":	false,
				"sender":	true
			}
		}, {
			"streams":	[{
					"socket":	6,
					"start":	4.000249,
					"end":	5.000323,
					"seconds":	1.000074028968811,
					"bytes":	4626360,
					"bits_per_second":	37008140.325534083,
					"retransmits":	39,
					"snd_cwnd":	256296,
					"rtt":	115419,
					"rttvar":	2674,
					"pmtu":	1500,
					"omitted":	false,
					"sender":	true
				}],
			"sum":	{
				"start":	4.000249,
				"end":	5.000323,
				"seconds":	1.000074028968811,
				"bytes":	4626360,
				"bits_per_second":	37008140.325534083,
				"retransmits":	39,
				"omitted":	false,
				"sender":	true
			}
		}, {
			"streams":	[{
					"socket":	6,
					"start":	5.000323,
					"end":	6.000398,
					"seconds":	1.0000749826431274,
					"bytes":	2215440,
					"bits_per_second":	17722191.143266067,
					"retransmits":	97,
					"snd_cwnd":	198376,
					"rtt":	102198,
					"rttvar":	49,
					"pmtu":	1500,
					"omitted":	false,
					"sender":	true
				}],
			"sum":	{
				"start":	5.000323,
				"end":	6.000398,
				"seconds":	1.0000749826431274,
				"bytes":	2215440,
				"bits_per_second":	17722191.143266067,
				"retransmits":	97,
				"omitted":	false,
				"sender":	true
			}
		}, {
			"streams":	[{
					"socket":	6,
					"start":	6.000398,
					"end":	7.000186,
					"seconds":	0.999787986278534,
					"bytes":	2215440,
					"bits_per_second":	17727278.426270619,
					"retransmits":	0,
					"snd_cwnd":	214304,
					"rtt":	110874,
					"rttvar":	552,
					"pmtu":	1500,
					"omitted":	false,
					"sender":	true
				}],
			"sum":	{
				"start":	6.000398,
				"end":	7.000186,
				"seconds":	0.999787986278534,
				"bytes":	2215440,
				"bits_per_second":	17727278.426270619,
				"retransmits":	0,
				"omitted":	false,
				"sender":	true
			}
		}, {
			"streams":	[{
					"socket":	6,
					"start":	7.000186,
					"end":	8.0006,
					"seconds":	1.00041401386261,
					"bytes":	1107720,
					"bits_per_second":	8858092.6268562,
					"retransmits":	0,
					"snd_cwnd":	220096,
					"rtt":	114719,
					"rttvar":	614,
					"pmtu":	1500,
					"omitted":	false,
					"sender":	true
				}],
			"sum":	{
				"start":	7.000186,
				"end":	8.0006,
				"seconds":	1.00041401386261,
				"bytes":	1107720,
				"bits_per_second":	8858092.6268562,
				"retransmits":	0,
				"omitted":	false,
				"sender":	true
			}
		}, {
			"streams":	[{
					"socket":	6,
					"start":	8.0006,
					"end":	9.000499,
					"seconds":	0.99989902973175049,
					"bytes":	2215440,
					"bits_per_second":	17725309.72927817,
					"retransmits":	2,
					"snd_cwnd":	181000,
					"rtt":	92992,
					"rttvar":	286,
					"pmtu":	1500,
					"omitted":	false,
					"sender":	true
				}],
			"sum":	{
				"start":	8.0006,
				"end":	9.000499,
				"seconds":	0.99989902973175049,
				"bytes":	2215440,
				"bits_per_second":	17725309.72927817,
				"retransmits":	2,
				"omitted":	false,
				"sender":	true
			}
		}, {
			"streams":	[{
					"socket":	6,
					"start":	9.000499,
					"end":	10.000351,
					"seconds":	0.99985200166702271,
					"bytes":	2215440,
					"bits_per_second":	17726143.439679191,
					"retransmits":	0,
					"snd_cwnd":	204168,
					"rtt":	105298,
					"rttvar":	68,
					"pmtu":	1500,
					"omitted":	false,
					"sender":	true
				}],
			"sum":	{
				"start":	9.000499,
				"end":	10.000351,
				"seconds":	0.99985200166702271,
				"bytes":	2215440,
				"bits_per_second":	17726143.439679191,
				"retransmits":	0,
				"omitted":	false,
				"sender":	true
			}
		}, {
			"streams":	[{
					"socket":	6,
					"start":	10.000351,
					"end":	11.000604,
					"seconds":	1.0002529621124268,
					"bytes":	1107720,
					"bits_per_second":	8859518.87738969,
					"retransmits":	74,
					"snd_cwnd":	104256,
					"rtt":	106363,
					"rttvar":	906,
					"pmtu":	1500,
					"omitted":	false,
					"sender":	true
				}],
			"sum":	{
				"start":	10.000351,
				"end":	11.000604,
				"seconds":	1.0002529621124268,
				"bytes":	1107720,
				"bits_per_second":	8859518.87738969,
				"retransmits":	74,
				"omitted":	false,
				"sender":	true
			}
		}, {
			"streams":	[{
					"socket":	6,
					"start":	11.000604,
					"end":	12.000626,
					"seconds":	1.0000220537185669,
					"bytes":	1107720,
					"bits_per_second":	8861564.56954892,
					"retransmits":	0,
					"snd_cwnd":	118736,
					"rtt":	121048,
					"rttvar":	152,
					"pmtu":	1500,
					"omitted":	false,
					"sender":	true
				}],
			"sum":	{
				"start":	11.000604,
				"end":	12.000626,
				"seconds":	1.0000220537185669,
				"bytes":	1107720,
				"bits_per_second":	8861564.56954892,
				"retransmits":	0,
				"omitted":	false,
				"sender":	true
			}
		}, {
			"streams":	[{
					"socket":	6,
					"start":	12.000626,
					"end":	13.000412,
					"seconds":	0.99978601932525635,
					"bytes":	1107720,
					"bits_per_second":	8863656.6512309257,
					"retransmits":	0,
					"snd_cwnd":	123080,
					"rtt":	127470,
					"rttvar":	604,
					"pmtu":	1500,
					"omitted":	false,